City,Lat,Lng,Max Temp,Humidity,Cloudiness,Wind Speed,Country,Date
Hong Kong,22.29,114.16,298.15,83,1,2.7,HK,1605831620
Bredasdorp,-34.53,20.04,285.15,87,6,1.5,ZA,1605831697
Saint Paul Harbor,57.79,-152.41,276.15,93,90,4.08,US,1605831488
San Patricio,28.02,-97.52,296.15,64,20,4.6,US,1605831698
Alghero,40.56,8.32,289.15,59,0,4.6,IT,1605831574
Pevek,69.7,170.31,264.14,97,100,0.82,RU,1605831698
Bintulu,3.17,113.03,297.15,100,20,2.1,MY,1605831699
Ponta do Sol,32.67,-17.1,292.15,72,40,6.2,PT,1605831609
Bluff,-46.6,168.33,288.71,90,100,1.79,NZ,1605831699
Melfi,41.0,15.65,279.82,99,0,0.45,IT,1605831699
Chapais,49.78,-74.85,270.15,92,90,5.7,CA,1605831700
Jamestown,42.1,-79.24,286.15,30,1,7.7,US,1605831700
East London,-33.02,27.91,291.11,60,71,0.27,ZA,1605831700
Auki,-8.77,160.7,299.94,84,100,2.69,SB,1605831701
Busselton,-33.65,115.33,292.04,81,95,0.89,AU,1605831701
Vaini,-21.2,-175.2,300.15,78,75,4.6,TO,1605831701
Talara,-4.58,-81.27,292.62,77,82,7.72,PE,1605831702
Port Alfred,-33.59,26.89,289.18,68,23,1.44,ZA,1605831421
Asău,46.43,26.4,275.37,38,16,2.19,RO,1605831702
Bulungu,-4.55,18.6,294.67,96,100,0.56,CD,1605831703
Aklavik,68.22,-135.01,253.15,76,20,1.5,CA,1605831703
Beringovskiy,63.05,179.32,274.61,87,100,4.33,RU,1605831703
Kottagūdem,17.55,80.63,293.5,92,99,0.37,IN,1605831703
Baruun-Urt,46.68,113.28,265.22,91,100,3.62,MN,1605831704
Togur,58.36,82.83,263.73,96,71,4.98,RU,1605831704
Zaoyang,32.13,112.75,284.09,71,72,2.31,CN,1605831622
Codrington,-38.27,141.97,288.94,79,66,4.89,AU,1605831705
Ushuaia,-54.8,-68.3,284.15,66,75,7.7,AR,1605831705
Rikitea,-23.12,-134.97,295.12,77,59,4.64,PF,1605831705
Najrān,17.49,44.13,288.15,38,0,0.38,SA,1605831548
Avarua,-21.21,-159.78,300.15,83,87,6.7,CK,1605831481
Saskylakh,71.92,114.08,265.4,95,99,5.67,RU,1605831707
Thompson,55.74,-97.86,261.15,85,40,3.6,CA,1605831707
Laguna,38.42,-121.42,289.15,55,1,5.7,US,1605831707
Nishifukuma,33.77,130.47,291.15,63,75,7.2,JP,1605831708
Port Blair,11.67,92.75,299.16,82,90,4.42,IN,1605831708
Geraldton,-28.77,114.6,294.15,68,0,5.7,AU,1605831708
Upernavik,72.79,-56.15,270.83,91,100,2.57,GL,1605831708
Punta Arenas,-53.15,-70.92,288.15,58,75,5.7,CL,1605831709
Mataura,-46.19,168.86,288.71,90,100,1.79,NZ,1605831709
Quatre Cocos,-20.21,57.76,294.82,100,75,4.62,MU,1605831709
Albany,42.6,-73.97,278.15,64,85,0.89,US,1605831709
São Filipe,14.9,-24.5,299.33,69,44,3.98,CV,1605831710
Panabá,21.28,-88.27,296.72,84,19,4.76,MX,1605831710
Saint George,37.1,-113.58,294.15,21,1,0.57,US,1605831710
Anuradhapura,8.36,80.42,295.89,96,30,1.46,LK,1605831711
Hobart,-42.88,147.33,292.59,67,40,10.3,AU,1605831454
Tasiilaq,65.61,-37.64,271.15,74,100,10.3,GL,1605831711
Hermanus,-34.42,19.23,288.71,81,0,2.24,ZA,1605831712
Hilo,19.73,-155.09,302.15,66,75,5.1,US,1605831712
Shache,38.42,77.24,273.55,87,100,2.62,CN,1605831713
Constitución,-35.33,-72.42,285.5,82,96,2.09,CL,1605831493
Phonhong,18.5,102.42,295.15,100,0,2.1,LA,1605831713
Kaitangata,-46.28,169.85,290.93,67,100,3.13,NZ,1605831714
Provideniya,64.38,-173.3,273.15,98,90,5.0,RU,1605831714
Bethel,41.37,-73.41,279.15,48,1,4.1,US,1605831714
Fukuechō,32.69,128.84,289.15,77,75,1.5,JP,1605831715
Hithadhoo,-0.6,73.08,300.48,72,95,2.36,MV,1605831716
Lebu,-37.62,-73.65,285.1,84,87,1.29,CL,1605831716
Grants,35.15,-107.85,290.15,25,1,5.1,US,1605831716
Erenhot,43.65,111.98,266.68,89,23,2.85,CN,1605831716
Barrow,71.29,-156.79,269.15,79,90,7.7,US,1605831675
Hasaki,35.73,140.83,295.37,83,75,6.7,JP,1605831717
Okato,-39.2,173.88,291.48,79,18,3.58,NZ,1605831718
Yellowknife,62.46,-114.35,257.15,84,90,1.0,CA,1605831714
Ribeira Grande,38.52,-28.7,288.67,69,9,4.6,PT,1605831718
Vestmannaeyjar,63.44,-20.27,278.72,84,100,5.54,IS,1605831719
Abashiri,44.02,144.27,282.15,93,75,3.6,JP,1605831719
Pompéu,-19.22,-44.94,294.43,91,97,1.09,BR,1605831720
Río Gallegos,-51.62,-69.22,293.15,34,0,7.7,AR,1605831721
Mandalgovi,45.76,106.27,263.02,92,100,8.18,MN,1605831722
Katsuura,35.13,140.3,295.37,88,75,12.3,JP,1605831722
Mahébourg,-20.41,57.7,294.15,100,75,4.04,MU,1605831723
Wuwei,37.93,102.64,271.31,92,88,2.9,CN,1605831724
Meulaboh,4.14,96.13,298.12,84,95,2.25,ID,1605831725
Oktyabr'skoye,43.06,44.74,275.15,93,93,0.35,RU,1605831726
Nikolskoye,59.7,30.79,282.15,70,90,5.0,RU,1605831726
Port Elizabeth,-33.92,25.57,284.15,93,75,1.5,ZA,1605831727
Vanimo,-2.67,141.3,302.45,70,98,1.22,PG,1605831727
Krasnooktyabrskiy,44.93,38.37,276.48,74,27,0.45,RU,1605831728
Kapaa,22.08,-159.32,300.15,74,90,6.2,US,1605831728
Faanui,-16.48,-151.75,299.94,73,82,3.97,PF,1605831729
Atuona,-9.8,-139.03,298.88,72,65,4.43,PF,1605831729
Sitka,57.05,-135.33,277.15,60,90,6.2,US,1605831730
Qaanaaq,77.48,-69.36,271.43,90,100,5.05,GL,1605831731
Kailua,21.4,-157.74,301.15,58,40,7.2,US,1605831731
Havre-St-Pierre,50.23,-63.6,268.15,67,90,1.5,CA,1605831732
George Town,5.41,100.34,298.15,94,20,1.5,MY,1605831535
Fergus Falls,46.28,-96.08,273.15,92,90,5.7,US,1605831733
Ancud,-41.87,-73.82,289.15,72,0,3.6,CL,1605831733
La Libertad,-2.23,-80.9,296.15,78,40,4.6,EC,1605831683
Laas,46.62,10.7,278.15,74,90,3.1,IT,1605831734
Ambilobe,-13.2,49.05,296.56,81,67,1.23,MG,1605831726
Oksovskiy,62.61,39.9,280.8,78,100,7.42,RU,1605831736
Coyhaique,-45.58,-72.07,297.15,33,0,2.6,CL,1605831509
Gao,16.64,1.64,295.19,22,100,5.82,ML,1605831737
Smithers,54.78,-127.17,269.15,73,90,2.6,CA,1605831738
Mahanoro,-19.9,48.8,293.78,81,27,2.67,MG,1605831738
Tuktoyaktuk,69.45,-133.04,255.15,84,20,3.6,CA,1605831739
Achit,56.8,57.9,266.52,90,91,6.59,RU,1605831740
Butaritari,3.07,172.79,301.33,77,99,7.37,KI,1605831742
Nishihara,26.18,127.76,299.15,78,20,2.6,JP,1605831742
Zhigansk,66.77,123.37,253.16,91,100,8.22,RU,1605831742
Cape Town,-33.93,18.42,290.93,59,0,3.1,ZA,1605831200
West Wendover,40.74,-114.07,281.15,33,1,4.1,US,1605831743
Wanning,18.8,110.4,297.18,91,14,1.57,CN,1605831743
Lompoc,34.64,-120.46,294.15,40,1,5.1,US,1605831744
Mossamedes,-15.2,12.15,293.42,67,12,3.81,AO,1605831744
Erzin,36.96,36.2,288.15,62,100,4.47,TR,1605831745
Green Valley,31.85,-110.99,301.15,18,1,4.6,US,1605831745
Stabat,3.76,98.45,298.15,94,75,2.6,ID,1605831746
New Norfolk,-42.78,147.06,292.59,46,76,1.34,AU,1605831746
Mayo,38.89,-76.51,282.59,49,1,3.1,US,1605831747
Khatanga,71.97,102.5,264.14,96,100,6.99,RU,1605831747
Lusambo,-4.97,23.45,294.29,96,48,0.38,CD,1605831748
Barcelona,41.39,2.16,289.26,76,75,5.7,ES,1605831748
Ust-Tsilma,65.44,52.15,278.31,83,100,6.95,RU,1605831749
Shar,49.59,81.05,259.32,88,0,2.51,KZ,1605831749
Christchurch,-43.53,172.63,293.15,52,68,4.1,NZ,1605831750
Stonewall,50.13,-97.33,270.15,68,90,1.0,CA,1605831750
Lavrentiya,65.58,-171.0,270.72,97,100,4.49,RU,1605831751
Alice Springs,-23.7,133.88,306.15,9,0,2.1,AU,1605831686
Acapulco de Juárez,16.86,-99.89,302.15,62,20,1.5,MX,1605831752
Mar del Plata,-38.0,-57.56,289.26,82,0,2.6,AR,1605831565
Coari,-4.08,-63.14,300.28,76,17,1.54,BR,1605831704
Semīrom,31.42,51.57,273.57,88,4,1.22,IR,1605831753
Mangan,27.52,88.53,284.88,43,23,2.04,IN,1605831753
Isangel,-19.55,169.27,302.15,62,75,2.6,VU,1605831754
Karratha,-20.74,116.85,303.81,37,80,0.73,AU,1605831755
Egvekinot,66.32,-179.17,269.26,96,100,2.86,RU,1605831755
Castro,-24.79,-50.01,285.64,96,38,3.47,BR,1605831755
Hobbs,32.7,-103.14,297.15,22,5,5.1,US,1605831756
Dwārka,22.24,68.97,297.07,41,0,6.1,IN,1605831756
Jacareacanga,-6.22,-57.75,297.31,86,100,0.56,BR,1605831757
Carnarvon,-24.87,113.63,295.15,73,99,9.3,AU,1605831757
Yumen,40.28,97.2,265.96,97,100,3.48,CN,1605831757
Kidal,18.44,1.41,293.27,25,62,4.61,ML,1605831758
Ucluelet,48.93,-125.55,282.15,81,75,1.5,CA,1605831758
Khuzdar,27.74,66.64,278.98,57,0,2.59,PK,1605831758
Ratangarh,28.08,74.6,285.99,38,0,2.24,IN,1605831759
Sambava,-14.27,50.17,295.74,82,48,3.5,MG,1605831759
Krasnosel'kup,65.7,82.47,263.63,96,100,7.15,RU,1605831760
Nampula,-15.12,39.27,297.04,88,0,5.1,MZ,1605831760
Port Hedland,-20.32,118.57,302.15,70,49,2.6,AU,1605831761
Kapit,2.02,112.93,298.45,89,99,0.41,MY,1605831762
Arcos,-20.28,-45.54,294.11,88,38,2.38,BR,1605831762
Nhulunbuy,-12.23,136.77,303.15,70,75,6.2,AU,1605831762
Mendoza,-32.89,-68.83,295.15,49,40,1.5,AR,1605831465
Sarankhola,22.31,89.79,293.89,88,16,0.67,BD,1605831748
Chokurdakh,70.63,147.92,249.47,90,61,2.31,RU,1605831764
Kunshan,31.38,120.95,288.71,87,75,4.0,CN,1605831529
Palimbang,6.21,124.19,302.45,66,98,0.89,PH,1605831765
Mahrīz,31.59,54.43,280.15,52,0,3.1,IR,1605831765
Salinópolis,-0.61,-47.36,299.78,84,100,2.87,BR,1605831766
Ketchikan,55.34,-131.65,275.15,100,90,5.1,US,1605831766
Abnūb,27.27,31.15,287.15,71,0,3.1,EG,1605831766
Zapolyarnyy,69.42,30.81,274.15,80,100,8.7,RU,1605831767
Portland,45.52,-122.68,283.15,87,100,0.89,US,1605831534
Terrace,54.52,-128.6,271.15,86,90,4.6,CA,1605831493
Dikson,73.51,80.55,265.5,97,100,10.42,RU,1605831768
Envira,-7.3,-70.22,298.33,85,79,0.46,BR,1605831768
Arraial do Cabo,-22.97,-42.03,295.64,91,89,11.2,BR,1605831769
Cidreira,-30.18,-50.21,291.44,65,3,3.39,BR,1605831769
Mahajanga,-15.72,46.32,298.15,94,20,0.5,MG,1605831770
La Victoria,10.22,-67.33,295.37,80,31,1.58,VE,1605831590
Murfreesboro,35.85,-86.39,286.15,30,1,2.6,US,1605831684
Sainte-Marie,-20.9,55.55,293.15,60,75,2.6,RE,1605831771
Richards Bay,-28.78,32.04,292.92,80,94,6.12,ZA,1605831772
Basoko,1.24,23.62,295.33,93,7,0.21,CD,1605831772
Presidente Médici,-11.18,-61.9,296.27,94,91,1.25,BR,1605831773
Prieska,-29.66,22.75,292.2,45,0,7.76,ZA,1605831773
Kedrovyy,56.17,91.82,264.15,78,40,5.0,RU,1605831774
Mbaïki,3.87,17.99,296.35,63,3,0.79,CF,1605831775
Muravlenko,63.79,74.52,264.87,94,52,8.77,RU,1605831775
Salalah,17.02,54.09,297.15,50,0,2.6,OM,1605831776
Grindavik,63.84,-22.43,275.15,93,90,9.8,IS,1605831776
Den Helder,52.96,4.76,281.48,65,75,6.2,NL,1605831777
Longyearbyen,78.22,15.64,265.15,57,40,4.6,SJ,1605831778
Tikhvin,59.65,33.53,279.26,89,100,4.02,RU,1605831778
Rawson,-43.3,-65.1,296.68,30,37,11.47,AR,1605831779
São Félix do Xingu,-6.64,-51.99,295.6,96,100,0.61,BR,1605831780
Narsaq,60.92,-46.05,272.15,92,100,2.23,GL,1605831780
Bumba,2.18,22.47,296.01,88,97,0.52,CD,1605831781
Kirakira,-10.45,161.92,300.67,81,100,5.46,SB,1605831782
Prince Rupert,54.32,-130.32,277.15,86,90,3.1,CA,1605831783
Ziniaré,12.58,-1.3,297.15,38,30,2.1,BF,1605831784
Camacha,33.08,-16.33,293.15,77,40,4.6,PT,1605831785
Haapiti,-17.57,-149.87,303.15,70,75,5.7,PF,1605831785
Lüderitz,-26.65,15.16,289.49,71,0,4.87,NA,1605831786
Millbrook,32.48,-86.36,287.04,66,1,1.5,US,1605831786
Sorong,-0.88,131.25,301.16,78,0,1.26,ID,1605831787
Bonavista,48.65,-53.11,270.93,62,98,4.1,CA,1605831787
Point Pedro,9.82,80.23,299.98,81,29,6.07,LK,1605831788
Pangai,-19.8,-174.35,301.15,78,75,5.1,TO,1605831788
Guerrero Negro,27.98,-114.06,295.28,61,0,7.04,MX,1605831755
Cherskiy,68.75,161.3,258.07,95,71,1.31,RU,1605831790
Port Hueneme,34.15,-119.2,291.15,82,40,2.39,US,1605831708
Leningradskiy,69.38,178.42,270.4,98,100,0.62,RU,1605831792
Gonaïves,19.45,-72.68,298.85,77,99,3.55,HT,1605831792
Saint-Philippe,-21.36,55.77,293.15,60,75,3.6,RE,1605831793
Cabedelo,-6.98,-34.83,299.15,88,20,3.1,BR,1605831738
Maragogi,-9.01,-35.22,298.77,81,100,4.83,BR,1605831795
Iseyin,7.97,3.6,296.34,42,26,1.31,NG,1605831795
Esperance,-33.87,121.9,292.15,82,75,3.6,AU,1605831796
Biloela,-24.42,150.5,301.01,51,30,6.25,AU,1605831796
General Pico,-35.66,-63.76,294.14,30,9,4.9,AR,1605831797
Ilhabela,-23.78,-45.36,291.75,82,94,1.7,BR,1605831798
São Gonçalo do Amarante,-3.61,-38.97,300.93,77,71,7.6,BR,1605831629
Turukhansk,65.82,87.98,260.07,95,100,6.48,RU,1605831799
Karīmpur,23.97,88.62,294.77,66,8,0.34,IN,1605831799
Sørland,67.67,12.69,276.24,77,100,14.0,NO,1605831800
Pimenta Bueno,-11.67,-61.19,296.45,94,100,1.18,BR,1605831802
Lodja,-3.48,23.43,293.79,95,85,0.59,CD,1605831802
Yaan,7.38,8.57,297.54,52,95,1.86,NG,1605831802
Puerto Ayora,-0.74,-90.35,294.82,92,79,1.34,EC,1605831803
Wiset Chai Chan,14.6,100.36,298.71,89,1,1.97,TH,1605831804
Bambous Virieux,-20.34,57.76,294.82,100,75,4.3,MU,1605831805
San Quintín,30.48,-115.95,293.77,62,75,6.3,MX,1605831806
Champerico,14.3,-91.92,298.15,94,90,3.1,GT,1605831807
Bulgan,48.81,103.53,261.5,93,100,0.99,MN,1605831807
Timon,-5.09,-42.84,299.15,83,0,4.1,BR,1605831808
Helsinki,60.17,24.94,274.82,86,75,5.1,FI,1605831589
Zhezkazgan,47.8,67.71,259.23,91,0,2.18,KZ,1605831809
Dondo,-19.61,34.74,297.15,100,0,1.5,MZ,1605831810
Orocué,4.79,-71.34,299.09,86,13,2.17,CO,1605831552
Tsabong,-26.02,22.4,298.97,19,64,4.59,BW,1605831811
Brae,60.4,-1.35,277.15,60,87,2.6,GB,1605831811
Miles City,46.41,-105.84,280.15,45,90,3.6,US,1605831812
Guhāgar,17.48,73.19,297.74,81,54,1.05,IN,1605831812
Lagoa,39.05,-27.98,288.51,73,1,6.88,PT,1605831813
Sisimiut,66.94,-53.67,271.53,97,100,2.79,GL,1605831813
Port Macquarie,-31.43,152.92,302.59,45,10,0.89,AU,1605831813
Alihe,50.57,123.72,264.41,80,25,0.78,CN,1605831814
Padra,22.23,73.08,292.15,77,25,2.6,IN,1605831815
Cayenne,4.93,-52.33,298.15,100,75,3.0,GF,1605831816
Guadalupe y Calvo,26.1,-106.97,288.54,46,4,0.82,MX,1605831816
Baykit,61.67,96.37,258.78,91,97,1.45,RU,1605831817
Kabanjahe,3.1,98.49,298.15,94,75,2.6,ID,1605831649
Francistown,-21.17,27.51,300.97,40,100,1.34,BW,1605831818
Maroua,10.59,14.32,296.23,28,13,3.52,CM,1605831818
Dorado,18.46,-66.27,300.15,78,75,2.1,PR,1605831818
Sur,22.57,59.53,296.73,71,1,4.47,OM,1605831819
Yangi Marg`ilon,40.43,71.72,265.15,72,8,2.1,UZ,1605831820
Deputatsky,69.3,139.9,250.78,90,30,2.43,RU,1605831820
Dukat,62.55,155.55,249.11,88,100,2.22,RU,1605831821
São João da Barra,-21.64,-41.05,297.14,95,90,5.3,BR,1605831670
Yerbogachën,61.28,108.01,255.07,92,83,3.78,RU,1605831822
Adrar,20.5,-10.07,295.28,24,55,4.66,MR,1605831823
Santa Isabel Rio Negro,-0.41,-65.02,300.35,77,38,1.87,BR,1605831823
Acajutla,13.59,-89.83,300.15,69,20,1.21,SV,1605831654
Cabo San Lucas,22.89,-109.91,302.59,42,5,2.1,MX,1605831746
Arkhangel’skoye,55.85,35.33,273.25,94,100,8.16,RU,1605831827
Mogadishu,2.04,45.34,299.24,83,25,5.08,SO,1605831826
Te Anau,-45.42,167.72,291.2,47,97,3.25,NZ,1605831828
Peniche,39.36,-9.38,289.26,84,0,5.68,PT,1605831785
Yantzaza,-3.83,-78.76,292.92,84,98,0.35,EC,1605831828
Khasan,42.43,130.64,271.69,89,100,12.45,RU,1605831829
Conceição do Araguaia,-8.26,-49.26,295.52,94,95,1.72,BR,1605831829
Chui,-33.7,-53.46,287.71,73,8,2.59,UY,1605831829
Shibetsu,43.66,145.13,285.15,93,75,5.7,JP,1605831830
Abatskiy,56.29,70.46,264.32,93,6,6.32,RU,1605831830
Alta Floresta,-9.88,-56.09,296.23,84,97,1.3,BR,1605831831
Glencoe,-28.18,30.15,284.95,82,98,1.72,ZA,1605831831
Kunashak,55.7,61.55,269.15,53,0,7.0,RU,1605831832
Klaksvík,62.23,-6.59,276.15,73,56,6.7,FO,1605831832
Hīt,33.64,42.83,289.81,39,100,2.46,IQ,1605831833
Belle Fourche,44.67,-103.85,279.82,48,75,3.6,US,1605831833
Huarmey,-10.07,-78.15,291.91,79,48,3.1,PE,1605831833
Les Cayes,18.2,-73.75,299.11,79,97,1.9,HT,1605831834
Arrondissement de Dinan,48.42,-2.25,282.15,66,75,4.1,FR,1605831834
Arkhipo-Osipovka,44.37,38.52,278.63,81,78,5.1,RU,1605831834
Athabasca,54.72,-113.29,261.15,78,100,1.5,CA,1605831834
Coahuayana Viejo,18.73,-103.68,305.15,40,5,1.31,MX,1605831541
Bowen,-20.02,148.23,302.15,45,75,8.2,AU,1605831835
Norman Wells,65.28,-126.83,248.15,75,5,1.5,CA,1605831835
Saint Anthony,45.02,-93.22,282.15,75,1,1.5,US,1605831710
Barra do Garças,-15.89,-52.26,297.78,81,99,2.19,BR,1605831745
Betioky,-23.72,44.38,292.58,92,13,1.46,MG,1605831836
São José da Coroa Grande,-8.9,-35.15,298.94,81,100,4.72,BR,1605831837
Nantucket,41.28,-70.1,284.15,66,40,11.8,US,1605831693
Lockhart,28.62,-81.44,294.15,73,75,4.1,US,1605831815
Vilhena,-12.74,-60.15,294.15,100,90,2.1,BR,1605831838
‘Āhuimanu,21.44,-157.84,301.15,61,75,7.2,US,1605831838
Arrondissement de Tarbes,43.25,0.17,280.15,93,90,1.5,FR,1605831839
Clyde River,70.47,-68.59,263.15,92,90,5.1,CA,1605831839
Lorengau,-2.02,147.27,302.45,73,68,2.45,PG,1605831839
Fortuna,40.6,-124.16,285.93,71,1,4.1,US,1605831840
Montepuez,-13.13,39.0,295.45,89,30,2.82,MZ,1605831840
Westport,41.14,-73.36,282.15,49,1,9.3,US,1605831720
Tupelo,34.26,-88.7,288.15,30,1,2.1,US,1605831818
Antropovo,58.4,43.01,273.7,91,100,7.34,RU,1605831848
Hofn,64.25,-15.21,275.07,94,99,4.02,IS,1605831848
Nieuw Amsterdam,5.88,-55.08,299.15,88,75,3.6,SR,1605831849
Makat,47.65,53.35,267.03,88,0,2.29,KZ,1605831850
Nanortalik,60.14,-45.24,272.84,97,97,5.33,GL,1605831779
Kulhudhuffushi,6.62,73.07,300.78,77,56,3.6,MV,1605831851
Skagen,57.72,10.58,280.37,51,13,6.71,DK,1605831851
Kavieng,-2.57,150.8,302.05,75,80,4.16,PG,1605831852
Hualmay,-11.1,-77.61,291.44,82,15,3.77,PE,1605831852
Acarí,-15.43,-74.62,292.29,64,0,1.77,PE,1605831853
Washington,47.5,-120.5,282.15,49,20,5.7,US,1605831560
Monkey Bay,-14.07,34.92,300.8,68,52,0.39,MW,1605831853
Chernyshevskiy,63.01,112.47,253.99,93,95,3.9,RU,1605831854
Manadhoo,5.77,73.38,300.84,73,48,3.08,MV,1605831854
Scottsbluff,41.87,-103.67,285.15,25,1,8.7,US,1605831855
Doctor Arroyo,23.67,-100.18,289.67,43,0,2.08,MX,1605831855
Saint-Augustin,51.23,-58.65,268.15,83,0,4.26,CA,1605831856
Krasnogorskiy,54.6,61.23,266.09,92,0,3.05,RU,1605831856
Iqaluit,63.75,-68.51,255.15,70,5,7.7,CA,1605831752
Kununurra,-15.77,128.73,306.15,55,1,4.6,AU,1605831857
Maţāy,28.42,30.78,287.02,84,0,1.82,EG,1605831858
Huilong,31.81,121.66,288.71,94,99,7.44,CN,1605831858
Constantine,36.37,6.61,283.15,81,40,1.0,DZ,1605831859
Vardø,70.37,31.11,274.15,74,40,9.3,NO,1605831859
Pyaozerskiy,65.83,31.17,273.31,90,96,7.48,RU,1605831859
Anūpgarh,29.19,73.21,286.0,39,0,0.3,IN,1605831860
Ayan,56.45,138.17,262.73,86,35,6.64,RU,1605831860
Taltal,-25.4,-70.48,287.57,74,19,2.37,CL,1605831861
Sinnamary,5.38,-52.95,297.37,90,100,2.49,GF,1605831861
Mbandaka,0.05,18.26,295.98,85,74,1.21,CD,1605831861
Lyubashivka,47.84,30.26,274.24,91,55,4.15,UA,1605831862
Faya,18.39,42.45,285.15,81,0,0.78,SA,1605831862
Thinadhoo,0.53,72.93,300.85,71,96,2.86,MV,1605831863
Sooke,48.37,-123.73,281.15,75,79,3.6,CA,1605831652
Hede,33.77,120.25,283.25,70,12,5.93,CN,1605831864
Kogon,39.72,64.55,263.15,78,0,2.1,UZ,1605831864
Sajanan,37.06,9.24,291.15,77,40,5.1,TN,1605831865
Bathsheba,13.22,-59.52,300.15,78,40,9.3,BB,1605831865
Tiksi,71.69,128.87,256.92,88,100,9.23,RU,1605831865
Taoudenni,22.68,-3.98,294.43,35,6,8.99,ML,1605831866
Gazli,40.13,63.45,263.06,80,0,4.55,UZ,1605831866
Nabire,-3.37,135.48,300.54,83,83,1.4,ID,1605831866
Seoul,37.57,126.98,277.15,69,90,4.81,KR,1605831552
Eureka,40.8,-124.16,285.15,71,1,5.1,US,1605831867
Gizo Government Station,-8.1,156.84,302.75,69,100,2.63,SB,1605831868
Caravelas,-17.71,-39.25,297.26,93,100,4.15,BR,1605831868
Carbonia,39.17,8.52,290.15,82,40,8.7,IT,1605831869
Coquimbo,-29.95,-71.34,288.15,77,20,4.6,CL,1605831662
Būlaevo,54.91,70.44,262.14,92,0,4.86,KZ,1605831870
Kyren,51.68,102.14,259.06,72,13,0.8,RU,1605831870
Jakarta,-6.21,106.85,303.15,88,20,1.5,ID,1605831253
Hāngal,14.77,75.13,293.49,95,24,3.2,IN,1605831872
Yining,29.04,114.56,286.13,78,82,1.11,CN,1605831872
Half Moon Bay,37.46,-122.43,289.26,82,1,5.7,US,1605831873
Inírida,3.87,-67.92,297.88,94,87,0.62,CO,1605831874
Jiaocheng,24.68,116.14,297.43,83,17,0.54,CN,1605831875
Inuvik,68.35,-133.72,257.15,77,41,0.5,CA,1605831876
Airai,-8.93,125.41,296.18,54,100,1.36,TL,1605831877
Tegul'det,57.31,88.17,263.37,95,100,5.43,RU,1605831877
Totness,5.88,-56.32,298.98,86,92,4.86,SR,1605831879
Rognan,67.1,15.39,274.26,87,100,9.53,NO,1605831879
Necochea,-38.55,-58.74,287.59,75,0,3.58,AR,1605831880
Ziway,7.93,38.72,288.59,47,3,4.73,ET,1605831881
Manzhouli,49.6,117.43,264.23,87,100,2.47,CN,1605831881
Labuhan,-6.88,112.21,301.37,77,100,3.56,ID,1605831882
Little Rock,34.75,-92.29,289.82,67,1,2.1,US,1605831872
Ternate,0.8,127.4,301.77,73,22,1.08,ID,1605831864
Coos Bay,43.37,-124.22,285.15,71,1,3.6,US,1605831620
Fort Nelson,58.81,-122.7,258.15,84,40,1.5,CA,1605831885
Kropotkin,45.44,40.58,277.5,72,100,7.48,RU,1605831885
Ningbo,29.88,121.55,288.71,93,75,2.0,CN,1605831886
Kosh-Agach,50.0,88.67,244.74,76,1,1.15,RU,1605831887
Paraná,-31.73,-60.52,294.82,56,13,5.27,AR,1605831887
Nome,64.5,-165.41,267.15,79,90,9.3,US,1605831814
Mokhsogollokh,61.47,128.92,253.08,90,95,2.64,RU,1605831888
Paragominas,-2.97,-47.48,295.5,96,100,1.78,BR,1605831635
Niltepec,16.57,-94.62,295.61,72,66,7.48,MX,1605831888
Luba,3.46,8.55,299.47,78,57,2.08,GQ,1605831889
Launceston,-41.45,147.17,297.04,35,70,7.7,AU,1605831890
Kamenka,51.32,42.77,267.02,91,0,4.42,RU,1605831890
Road Town,18.42,-64.62,300.37,83,40,4.1,VG,1605831891
Makaha,21.47,-158.22,303.15,65,40,4.1,US,1605831857
Visakhapatnam,17.69,83.21,296.15,94,20,1.0,IN,1605831729
Makkah al Mukarramah,21.43,39.83,296.39,87,11,0.81,SA,1605831892
Sarāhan,31.52,77.8,273.97,72,0,3.3,IN,1605831893
Wanaka,-44.7,169.15,292.59,53,98,0.45,NZ,1605831893
Morant Bay,17.88,-76.41,298.15,94,75,3.6,JM,1605831894
Aykhal,66.0,111.5,256.15,84,0,2.0,RU,1605831895
Yarmouth,41.71,-70.23,283.15,70,41,9.8,US,1605831896
Ngunguru,-35.62,174.5,293.15,64,11,2.68,NZ,1605831896
Prestea,5.43,-2.14,296.37,93,58,1.18,GH,1605831899
Hervey Bay,-25.3,152.85,302.15,48,40,6.7,AU,1605831900
Pilar,-9.6,-35.96,298.15,88,0,3.1,BR,1605831900
Nevel'sk,46.67,141.86,272.15,86,75,8.0,RU,1605831900
Pula,44.87,13.85,282.15,93,0,3.6,HR,1605831901
Abonnema,4.71,6.79,299.15,94,20,1.87,NG,1605831901
Ostrovnoy,68.05,39.51,276.65,90,76,10.5,RU,1605831902
Qasigiannguit,68.82,-51.19,271.15,68,100,3.6,GL,1605831903
Burnie,-41.07,145.92,295.93,44,76,5.36,AU,1605831904
Alofi,-19.06,-169.92,299.15,94,75,2.1,NU,1605831628
Carabalan,10.11,122.95,300.58,77,41,2.45,PH,1605831904
Iquitos,-3.75,-73.25,299.15,88,75,2.6,PE,1605831905
Charters Towers,-20.1,146.27,301.8,39,20,7.93,AU,1605831905
Pravda,46.94,142.01,272.15,86,75,8.0,RU,1605831906
Bowling Green,36.99,-86.44,288.15,28,1,4.1,US,1605831907
Rome,43.21,-75.46,282.15,42,1,4.1,US,1605831878
Hobyo,5.35,48.53,298.99,76,15,6.91,SO,1605831860
Honiara,-9.43,159.95,301.15,78,75,3.6,SB,1605831908
Mthatha,-31.59,28.78,285.15,87,79,1.0,ZA,1605831909
Carutapera,-1.2,-46.02,298.86,85,100,1.74,BR,1605831909
Morganton,35.75,-81.68,280.93,86,1,0.49,US,1605831910
Yabēlo,4.88,38.08,287.75,84,0,4.96,ET,1605831910
Dalvik,65.97,-18.53,270.15,63,0,2.6,IS,1605831911
Bajil,15.06,43.29,297.4,68,4,1.76,YE,1605831911
Lagan,45.39,47.37,277.25,72,19,10.56,RU,1605831912
Diu,20.71,70.98,295.23,34,69,5.74,IN,1605831912
Northam,51.03,-4.22,282.59,81,100,1.34,GB,1605831913
Mbini,1.57,9.61,298.63,86,99,2.53,GQ,1605831913
Campbellsville,37.34,-85.34,288.15,35,1,3.6,US,1605831914
Korem,12.51,39.52,279.82,87,0,0.7,ET,1605831915
Ibaiti,-23.85,-50.19,288.15,99,19,1.34,BR,1605831915
Pangody,65.85,74.49,263.23,96,61,6.73,RU,1605831915
Orangeburg,33.49,-80.86,282.15,81,1,3.04,US,1605831916
Mango,27.98,-82.31,295.15,64,75,3.6,US,1605831917
New Baltimore,42.68,-82.74,289.15,51,90,7.7,US,1605831923
Bartica,6.4,-58.62,298.15,94,75,3.1,GY,1605831924
Bud,39.45,-86.18,289.15,30,1,5.7,US,1605831924
Zharkent,44.16,80.0,265.54,93,83,1.15,KZ,1605831723
Praia da Vitória,38.73,-27.07,288.15,77,75,5.49,PT,1605831925
Nyurba,63.28,118.33,253.1,91,62,3.81,RU,1605831926
Dhārchula,29.85,80.53,279.86,44,0,2.88,IN,1605831926
Lishan,31.86,113.3,283.43,77,33,3.92,CN,1605831927
Mount Isa,-20.73,139.5,306.15,21,4,7.7,AU,1605831927
Viedma,-40.81,-63.0,295.37,54,0,1.79,AR,1605831928
Severo-Kuril'sk,50.68,156.12,273.59,91,100,5.42,RU,1605831928
Diamantino,-14.41,-56.45,294.76,84,97,0.42,BR,1605831930
Warmbad,-28.45,18.73,293.12,28,0,2.35,NA,1605831930
Pisco,-13.7,-76.22,291.48,82,0,6.7,PE,1605831931
Cockburn Town,21.46,-71.14,299.15,78,75,6.2,TC,1605831931
Puerto Maldonado,-12.6,-69.18,293.89,82,100,1.42,PE,1605831932
Hamilton,39.18,-84.53,288.15,30,1,6.2,US,1605831675
Manali,13.17,80.27,298.15,94,40,1.0,IN,1605831932
Omalur,11.74,78.05,294.24,91,45,1.26,IN,1605831933
Kruisfontein,-34.0,24.73,284.26,96,5,1.37,ZA,1605831934
Hargeisa,9.56,44.06,287.62,69,0,5.4,SO,1605831934
Port Hardy,50.7,-127.42,280.15,93,75,1.0,CA,1605831935
Sidi Ali,36.1,0.42,286.39,86,0,3.31,DZ,1605831935
Kodinsk,58.69,99.18,262.05,94,100,2.73,RU,1605831935
Alcúdia,39.85,3.12,287.04,86,57,0.89,ES,1605831935
Amahai,-3.33,128.92,302.52,70,6,0.8,ID,1605831722
Ahipara,-35.17,173.17,291.71,52,76,3.47,NZ,1605831937
Mpika,-11.83,31.45,292.85,71,57,0.82,ZM,1605831937
Merauke,-8.47,140.33,303.07,69,50,5.25,ID,1605831938
Xichang,27.9,102.26,280.28,72,0,0.43,CN,1605831938
Japura,-0.32,102.35,296.78,94,96,0.94,ID,1605831938
Malangali,-8.57,34.85,291.61,60,19,1.3,TZ,1605831939
Ahvāz,31.32,48.67,290.15,59,75,2.1,IR,1605831939
Morehead,37.27,-87.18,290.15,21,1,4.1,US,1605831940
Manzanillo,20.34,-77.12,297.9,82,84,7.9,CU,1605831940
Grand Gaube,-20.01,57.66,294.82,83,28,1.79,MU,1605831940
Muroto-misakicho,33.28,134.15,294.15,100,75,0.5,JP,1605831941
La Santisima Trinidad,-14.83,-64.9,293.08,85,77,1.13,BO,1605831941
Impfondo,1.64,18.07,296.35,78,13,0.7,CG,1605831941
Sivas Province,39.79,37.0,273.15,85,75,4.1,TR,1605831942
Madang,-5.22,145.8,304.59,63,47,1.58,PG,1605831942
Mount Darwin,-16.77,31.58,298.49,45,54,2.73,ZW,1605831943
Peleduy,59.63,112.74,257.8,92,99,3.31,RU,1605831943
Ballina,-28.87,153.57,299.15,53,98,6.7,AU,1605831944
Camaná,-16.62,-72.71,291.4,75,9,3.41,PE,1605831944
Lakes Entrance,-37.88,147.98,300.37,35,0,1.79,AU,1605831945
Tessalit,20.2,1.01,292.38,26,0,3.84,ML,1605831945
Broken Hill,-31.95,141.43,301.15,23,51,6.2,AU,1605831945
Saint-Joseph,-21.37,55.62,293.15,60,75,3.6,RE,1605831946
Chennai,13.09,80.28,298.15,94,40,1.0,IN,1605831947
Malakal,9.53,31.66,297.45,33,0,0.68,SS,1605831947
Aloleng,16.13,119.78,300.52,75,64,4.38,PH,1605831947
Sola,-13.88,167.55,302.15,83,90,2.6,VU,1605831948
Tsuruga,35.65,136.06,292.04,100,100,3.58,JP,1605831948
Gijang,35.24,129.21,286.15,54,0,5.7,KR,1605831948
Djibouti,11.5,42.5,298.15,73,1,1.5,DJ,1605831949
Roald,62.58,6.13,277.15,69,93,6.2,NO,1605831883
Dubbo,-32.25,148.62,305.15,33,9,7.2,AU,1605831680
Hambantota,6.12,81.12,296.15,100,20,0.5,LK,1605831949
Vanavara,60.34,102.28,259.52,95,100,2.95,RU,1605831950
Várzea da Palma,-17.6,-44.73,294.56,94,100,1.84,BR,1605831679
Ndélé,8.41,20.65,299.35,35,69,1.07,CF,1605831910
Gladstone,-23.85,151.25,299.15,74,40,5.7,AU,1605831812
Abalak,58.13,68.59,265.79,92,31,5.17,RU,1605831950
Salta,-24.79,-65.41,294.15,46,90,3.1,AR,1605831764
San Ignacio Río Muerto,27.42,-110.23,307.15,16,5,3.1,MX,1605831951
Vila Velha,-20.33,-40.29,300.93,88,20,7.2,BR,1605831867
Eyl,7.98,49.82,297.29,66,44,6.05,SO,1605831951
Bengkulu,-3.8,102.27,298.13,86,100,1.99,ID,1605831952
Bom Jesus,-9.07,-44.36,294.37,94,100,0.78,BR,1605831952
Umluj,25.02,37.27,296.59,78,0,2.24,SA,1605831952
Bonthe,7.53,-12.51,299.28,85,1,2.58,SL,1605831953
San Cristobal,7.77,-72.22,299.15,88,40,3.6,VE,1605831782
Touros,-5.2,-35.46,299.15,83,20,3.1,BR,1605831953
Ilo,-17.64,-71.34,290.49,77,3,1.87,PE,1605831954
Aliaga,15.52,120.87,302.15,70,75,4.1,PH,1605831954
Douglas,41.3,-96.17,290.15,45,1,1.5,US,1605831954
Ovalle,-30.6,-71.2,285.57,77,0,1.59,CL,1605831955
Bundaberg,-24.85,152.35,302.15,48,40,6.7,AU,1605831955
Hirara,24.8,125.28,299.15,88,40,4.1,JP,1605831955
Zabul Province,32.25,67.25,274.06,85,0,3.32,AF,1605831955
Brovary,50.5,30.77,272.15,92,90,7.0,UA,1605831956
Yulara,-25.24,130.99,307.15,18,44,3.1,AU,1605831956
Waiouru,-39.48,175.67,288.48,41,20,2.94,NZ,1605831956
Port Lincoln,-34.73,135.87,290.16,71,59,6.5,AU,1605831956
Saint-Pierre,-21.34,55.48,293.15,60,75,3.6,RE,1605831957
Callaway,30.15,-85.57,292.15,59,1,2.6,US,1605831957
Mayumba,-3.43,10.66,298.17,88,100,1.71,GA,1605831957
Honningsvåg,70.98,25.97,275.27,92,98,15.58,NO,1605831958
Tuatapere,-46.13,167.68,288.71,90,99,1.79,NZ,1605831958
Lubango,-14.92,13.49,289.31,37,24,1.97,AO,1605831958
Ibipeba,-11.64,-42.01,293.5,94,100,1.51,BR,1605831959
Tutóia,-2.76,-42.27,300.72,77,79,6.09,BR,1605831959
Nālūt,30.33,10.85,286.12,78,6,2.73,LY,1605831959
Goderich,43.75,-81.72,287.15,41,100,9.8,CA,1605831960
Pacific Grove,36.62,-121.92,288.71,82,1,3.6,US,1605831927
Porto-Vecchio,41.59,9.28,288.15,72,90,6.2,FR,1605831900
Nanga Eboko,4.68,12.37,294.03,93,42,1.66,CM,1605831961
Kolyshley,52.7,44.54,269.26,32,1,5.63,RU,1605831961
Quixadá,-4.97,-39.02,299.44,69,64,4.18,BR,1605831729
Opuwo,-18.06,13.84,294.72,33,0,2.42,NA,1605831962
Korla,41.76,86.15,270.96,83,85,1.92,CN,1605831963
Haines Junction,60.75,-137.51,249.15,76,91,0.5,CA,1605831963
Thetford Mines,46.09,-71.3,274.26,58,100,1.5,CA,1605831963
Altamira,-3.2,-52.21,296.32,95,100,0.95,BR,1605831925
Altay,47.87,88.12,257.83,63,0,1.95,CN,1605831964
Pangoa,-12.12,-73.0,294.18,96,100,1.46,PE,1605831964
Okhotsk,59.38,143.3,254.56,88,0,10.48,RU,1605831965
Solnechnyy,50.72,136.63,265.39,78,100,1.78,RU,1605831965
Poum,-20.23,164.02,298.65,66,12,6.24,NC,1605831965
Rāiganj,25.62,88.12,292.87,67,13,1.64,IN,1605831966
Alyangula,-13.85,136.42,306.15,49,41,4.6,AU,1605831966
Killarney,52.05,-9.52,282.06,90,100,2.65,IE,1605831966
Homer,59.64,-151.55,275.93,85,75,1.5,US,1605831815
Olafsvik,64.89,-23.71,274.43,94,100,9.74,IS,1605831967
Aketi,2.74,23.78,295.33,91,76,0.4,CD,1605831967
Iralaya,15.0,-83.23,298.97,88,77,4.13,HN,1605831967
Port Moresby,-9.44,147.18,302.15,74,40,1.5,PG,1605831715
Zhangye,38.93,100.45,269.45,95,100,6.23,CN,1605831968
Waingapu,-9.66,120.26,303.58,59,67,3.43,ID,1605831941
Comodoro Rivadavia,-45.87,-67.5,290.15,82,0,2.1,AR,1605831881
Ushtobe,45.25,77.98,261.91,90,0,2.18,KZ,1605831969
Yenagoa,4.92,6.26,297.61,91,70,1.25,NG,1605831969
Southbridge,42.08,-72.03,277.59,76,70,0.89,US,1605831885
Xining,36.62,101.77,272.39,90,100,0.53,CN,1605831970
Nokha,27.6,73.42,287.29,35,0,3.03,IN,1605831970
Tougan,13.07,-3.07,296.83,25,17,3.84,BF,1605831970
Suluktu,39.93,69.57,268.15,85,75,1.0,KG,1605831971
Behat,30.17,77.62,285.34,45,0,1.36,IN,1605831971
Chara,56.91,118.26,258.4,88,100,1.87,RU,1605831971
Yele,10.73,13.59,292.14,35,25,1.92,CM,1605831972
Bontang,0.13,117.5,300.69,73,100,1.44,ID,1605831942
Belyy Yar,53.6,91.39,266.15,73,40,4.0,RU,1605831972
Kiryat Gat,31.61,34.76,290.93,100,67,1.8,IL,1605831973
Araguaçu,-12.93,-49.83,297.06,87,63,0.63,BR,1605831973
Whitehorse,60.72,-135.05,256.15,77,20,4.1,CA,1605831962
Paamiut,61.99,-49.67,272.92,94,90,2.8,GL,1605831973
Anadyr,64.75,177.48,274.15,86,40,2.0,RU,1605831844
Sīwah,29.2,25.52,289.73,60,51,3.38,EG,1605831974
Tam Ky,15.57,108.48,299.15,88,40,0.5,VN,1605831975
Tuensang,26.28,94.83,284.58,76,0,1.29,IN,1605831975
Portsmouth,50.8,-1.09,279.26,100,78,3.48,GB,1605831756
Barra Patuca,15.8,-84.28,298.61,87,21,3.65,HN,1605831976
Tynda,55.17,124.72,255.84,92,100,0.58,RU,1605831977
Zverinogolovskoye,54.46,64.85,264.78,94,0,4.69,RU,1605831977
Olavarría,-36.89,-60.32,289.55,49,19,3.66,AR,1605831977
Sumbe,-11.21,13.84,298.13,78,50,1.99,AO,1605831977
Tabou,4.42,-7.35,298.95,84,72,3.46,CI,1605831978
Margate,51.38,1.39,279.26,57,53,0.89,GB,1605831978
Chișinău,47.01,28.86,277.15,80,90,2.6,MD,1605831834
Kedgwick,47.64,-67.34,267.46,97,100,4.63,CA,1605831979
Riyadh,24.69,46.72,292.15,48,0,2.6,SA,1605831969
Mareeba,-17.0,145.43,302.15,51,40,8.7,AU,1605831980
Gweta,-20.18,25.23,299.17,56,97,1.3,BW,1605831981
